0.00,-inf
0.05,-inf
0.10,-inf
0.15,-inf
0.20,-inf
0.25,-inf
0.30,-inf
0.35,-inf
0.40,-inf
0.45,-inf
0.50,-inf
0.55,-inf
0.60,-inf
0.65,-inf
0.70,-inf
0.75,-94.38
0.80,-76.12
0.85,-59.82
0.90,-50.93
0.95,-60.70
1.00,-60.25
1.05,-58.68
1.10,-59.16
1.15,-49.12
1.20,-48.75
1.25,-54.03
1.30,-37.72
1.35,-30.07
1.40,-32.55
1.45,-37.52
1.50,-42.24
1.55,-47.74
1.60,-36.46
1.65,-36.02
1.70,-39.24
1.75,-44.19
1.80,-49.25
1.85,-41.09
1.90,-29.26
1.95,-30.47
2.00,-34.57
2.05,-40.90
2.10,-45.86
2.15,-42.50
2.20,-29.67
2.25,-30.65
2.30,-34.84
2.35,-41.18
2.40,-46.34
2.45,-34.02
2.50,-28.45
2.55,-30.88
2.60,-36.44
2.65,-41.83
2.70,-46.58
2.75,-29.26
2.80,-27.31
2.85,-32.27
2.90,-36.75
2.95,-42.76
3.00,-34.66
3.05,-23.83
3.10,-25.21
3.15,-30.27
3.20,-35.50
3.25,-40.85
3.30,-31.83
3.35,-24.78
3.40,-25.41
3.45,-29.88
3.50,-35.23
3.55,-40.20
3.60,-27.23
3.65,-23.49
3.70,-25.23
3.75,-29.45
3.80,-35.27
3.85,-38.44
3.90,-26.37
3.95,-23.25
4.00,-26.50
4.05,-30.74
4.10,-36.00
4.15,-25.87
4.20,-21.60
4.25,-23.00
4.30,-26.50
4.35,-31.70
4.40,-35.98
4.45,-24.80
4.50,-21.08
4.55,-22.18
4.60,-26.59
4.65,-31.12
4.70,-36.03
4.75,-22.75
4.80,-21.85
4.85,-24.38
4.90,-26.65
4.95,-31.54
5.00,-36.17
5.05,-22.45
5.10,-21.26
5.15,-23.05
5.20,-26.42
5.25,-30.66
5.30,-33.09
5.35,-21.48
5.40,-21.90
5.45,-24.89
5.50,-26.92
5.55,-31.51
5.60,-30.09
5.65,-21.05
5.70,-21.17
5.75,-22.51
5.80,-26.68
5.85,-23.23
5.90,-16.27
5.95,-18.42
6.00,-19.51
6.05,-21.35
6.10,-22.27
6.15,-21.87
6.20,-20.43
6.25,-23.62
6.30,-25.35
6.35,-19.36
6.40,-21.47
6.45,-20.32
6.50,-19.48
6.55,-22.38
6.60,-21.71
6.65,-21.52
6.70,-23.03
6.75,-21.99
6.80,-20.32
6.85,-20.13
6.90,-21.23
6.95,-31.43
7.00,-35.12
7.05,-20.08
7.10,-17.58
7.15,-18.55
7.20,-19.48
7.25,-20.91
7.30,-22.80
7.35,-20.87
7.40,-21.22
7.45,-22.65
7.50,-23.95
7.55,-23.91
7.60,-23.68
7.65,-22.16
7.70,-22.43
7.75,-23.89
7.80,-26.17
7.85,-28.78
7.90,-24.68
7.95,-23.27
8.00,-24.82
8.05,-26.79
8.10,-31.02
8.15,-18.50
8.20,-17.88
8.25,-18.04
8.30,-17.75
8.35,-19.01
8.40,-20.11
8.45,-24.79
8.50,-20.96
8.55,-22.29
8.60,-21.31
8.65,-22.67
8.70,-29.09
8.75,-21.08
8.80,-19.42
8.85,-19.88
8.90,-19.35
8.95,-20.11
9.00,-22.88
9.05,-19.21
9.10,-17.49
9.15,-17.84
9.20,-18.50
9.25,-19.76
9.30,-21.18
9.35,-18.28
9.40,-18.27
9.45,-18.89
9.50,-22.87
9.55,-25.50
9.60,-21.83
9.65,-17.54
9.70,-18.82
9.75,-21.14
9.80,-22.18
9.85,-24.69
9.90,-22.54
9.95,-21.16
10.00,-21.92
10.05,-23.47
10.10,-24.54
10.15,-26.81
10.20,-21.51
10.25,-21.37
10.30,-22.74
10.35,-24.12
10.40,-24.23
10.45,-17.22
10.50,-17.07
10.55,-16.52
10.60,-17.06
10.65,-18.57
10.70,-29.30
10.75,-24.94
10.80,-24.38
10.85,-25.17
10.90,-17.37
10.95,-18.32
11.00,-18.60
11.05,-18.24
11.10,-23.89
11.15,-24.94
11.20,-21.36
11.25,-21.34
11.30,-20.78
11.35,-19.76
11.40,-20.69
11.45,-22.73
11.50,-29.07
11.55,-31.46
11.60,-24.56
11.65,-18.08
11.70,-19.21
11.75,-19.46
11.80,-19.79
11.85,-29.57
11.90,-19.29
11.95,-18.52
12.00,-18.55
12.05,-19.43
12.10,-21.70
12.15,-30.84
12.20,-21.08
12.25,-20.65
12.30,-23.32
12.35,-27.37
12.40,-29.07
12.45,-23.96
12.50,-21.66
12.55,-21.40
12.60,-24.58
12.65,-29.06
12.70,-30.57
12.75,-20.78
12.80,-18.82
12.85,-21.70
12.90,-22.12
12.95,-21.59
13.00,-20.40
13.05,-20.40
13.10,-18.36
13.15,-18.58
13.20,-18.35
13.25,-20.20
13.30,-19.80
13.35,-18.35
13.40,-18.13
13.45,-18.92
13.50,-20.57
13.55,-25.65
13.60,-23.43
13.65,-18.63
13.70,-21.64
13.75,-21.38
13.80,-19.11
13.85,-20.42
13.90,-20.56
13.95,-20.54
14.00,-21.48
14.05,-23.89
14.10,-26.46
14.15,-24.80
14.20,-22.19
14.25,-24.24
14.30,-25.67
14.35,-28.19
14.40,-30.66
14.45,-22.31
14.50,-23.52
14.55,-25.24
14.60,-26.11
14.65,-28.05
14.70,-31.35
14.75,-22.42
14.80,-24.02
14.85,-26.02
14.90,-29.61
14.95,-31.34
15.00,-18.55
15.05,-18.20
15.10,-18.07
15.15,-18.16
15.20,-19.03
15.25,-20.35
15.30,-21.90
15.35,-21.87
15.40,-22.86
15.45,-21.55
15.50,-22.73
15.55,-22.04
15.60,-19.76
15.65,-19.30
15.70,-20.04
15.75,-20.32
15.80,-19.97
15.85,-21.26
15.90,-19.93
15.95,-20.39
16.00,-22.75
16.05,-29.39
16.10,-32.75
16.15,-27.88
16.20,-20.85
16.25,-21.02
16.30,-21.82
16.35,-21.93
16.40,-25.10
16.45,-22.86
16.50,-20.19
16.55,-21.91
16.60,-20.94
16.65,-19.99
16.70,-20.70
16.75,-19.20
16.80,-18.61
16.85,-19.59
16.90,-23.14
16.95,-28.64
17.00,-29.49
17.05,-21.66
17.10,-21.13
17.15,-23.06
17.20,-28.05
17.25,-30.20
17.30,-25.74
17.35,-16.86
17.40,-17.27
17.45,-18.19
17.50,-19.22
17.55,-18.32
17.60,-18.34
17.65,-17.46
17.70,-18.19
17.75,-20.22
17.80,-24.79
17.85,-32.62
17.90,-21.32
17.95,-19.43
18.00,-20.74
18.05,-23.72
18.10,-25.47
18.15,-24.53
18.20,-19.61
18.25,-16.78
18.30,-18.18
18.35,-18.79
18.40,-21.78
18.45,-24.81
18.50,-21.82
18.55,-20.57
18.60,-21.17
18.65,-21.80
18.70,-22.92
18.75,-21.84
18.80,-20.75
18.85,-21.80
18.90,-23.09
18.95,-24.31
19.00,-27.25
19.05,-22.34
19.10,-21.31
19.15,-22.52
19.20,-23.16
19.25,-24.85
19.30,-26.02
19.35,-20.60
19.40,-21.84
19.45,-23.14
19.50,-23.82
19.55,-25.37
19.60,-16.59
19.65,-17.83
19.70,-17.92
19.75,-17.62
19.80,-18.94
19.85,-22.19
19.90,-21.08
19.95,-22.18
20.00,-21.57
20.05,-19.28
20.10,-17.77
20.15,-17.94
20.20,-16.76
20.25,-18.99
20.30,-20.85
20.35,-20.36
20.40,-21.75
20.45,-21.75
20.50,-20.76
20.55,-23.69
20.60,-26.45
20.65,-29.61
20.70,-31.64
20.75,-21.80
20.80,-19.43
20.85,-18.07
20.90,-19.39
20.95,-23.24
21.00,-29.66
21.05,-22.52
21.10,-22.94
21.15,-23.21
21.20,-22.86
21.25,-24.70
21.30,-26.32
21.35,-20.63
21.40,-20.42
21.45,-22.14
21.50,-23.30
21.55,-24.19
21.60,-21.78
21.65,-22.86
21.70,-23.13
21.75,-23.39
21.80,-23.20
21.85,-23.30
21.90,-18.54
21.95,-18.60
22.00,-19.44
22.05,-20.03
22.10,-21.71
22.15,-23.87
22.20,-18.76
22.25,-17.11
22.30,-16.95
22.35,-17.73
22.40,-19.75
22.45,-20.59
22.50,-17.74
22.55,-18.44
22.60,-19.39
22.65,-21.37
22.70,-25.21
22.75,-21.56
22.80,-19.16
22.85,-19.09
22.90,-21.39
22.95,-22.45
23.00,-24.90
23.05,-20.25
23.10,-19.24
23.15,-21.70
23.20,-24.31
23.25,-25.87
23.30,-23.13
23.35,-21.52
23.40,-23.72
23.45,-23.68
23.50,-25.35
23.55,-26.56
23.60,-20.18
23.65,-22.25
23.70,-23.17
23.75,-24.49
23.80,-27.19
23.85,-27.39
23.90,-20.65
23.95,-22.74
24.00,-24.95
24.05,-28.28
24.10,-31.05
24.15,-11.04
24.20,-10.59
24.25,-13.12
24.30,-15.72
24.35,-16.92
24.40,-19.16
24.45,-19.44
24.50,-19.99
24.55,-20.51
24.60,-16.71
24.65,-16.70
24.70,-17.44
24.75,-9.98
24.80,-13.39
24.85,-16.04
24.90,-18.74
24.95,-18.79
25.00,-19.24
25.05,-17.84
25.10,-17.61
25.15,-18.89
25.20,-20.90
25.25,-19.25
25.30,-9.48
25.35,-12.31
25.40,-13.44
25.45,-16.05
25.50,-18.59
25.55,-21.14
25.60,-21.03
25.65,-19.13
25.70,-20.65
25.75,-23.03
25.80,-23.94
25.85,-15.12
25.90,-9.78
25.95,-13.93
26.00,-18.07
26.05,-20.15
26.10,-23.46
26.15,-24.66
26.20,-17.06
26.25,-18.56
26.30,-18.39
26.35,-23.05
26.40,-22.84
26.45,-9.69
26.50,-14.20
26.55,-16.38
26.60,-16.53
26.65,-18.58
26.70,-18.93
26.75,-17.96
26.80,-17.69
26.85,-19.38
26.90,-21.56
26.95,-30.09
27.00,-12.74
27.05,-10.96
27.10,-13.81
27.15,-17.33
27.20,-18.77
27.25,-22.92
27.30,-19.47
27.35,-15.61
27.40,-16.52
27.45,-18.79
27.50,-17.72
27.55,-22.21
27.60,-9.26
27.65,-13.87
27.70,-14.81
27.75,-16.30
27.80,-19.62
27.85,-21.43
27.90,-18.54
27.95,-18.07
28.00,-19.24
28.05,-21.18
28.10,-23.29
28.15,-12.55
28.20,-12.05
28.25,-14.39
28.30,-15.47
28.35,-18.69
28.40,-20.70
28.45,-21.34
28.50,-17.58
28.55,-18.87
28.60,-19.51
28.65,-22.03
28.70,-16.62
28.75,-8.93
28.80,-13.10
28.85,-13.49
28.90,-15.94
28.95,-18.73
29.00,-24.96
29.05,-20.13
29.10,-22.94
29.15,-17.40
29.20,-17.38
29.25,-17.69
29.30,-9.76
29.35,-12.96
29.40,-15.44
29.45,-18.61
29.50,-21.37
29.55,-23.84
29.60,-17.27
29.65,-18.75
29.70,-19.92
29.75,-21.03
29.80,-21.19
29.85,-15.10
29.90,-9.73
29.95,-14.01
30.00,-14.94
30.05,-19.87
30.10,-24.33
30.15,-25.13
30.20,-18.36
30.25,-19.26
30.30,-20.69
30.35,-20.56
30.40,-21.90
30.45,-10.69
30.50,-13.26
30.55,-15.20
30.60,-18.22
30.65,-23.62
30.70,-25.36
30.75,-18.53
30.80,-19.16
30.85,-23.24
30.90,-25.33
30.95,-26.85
31.00,-14.15
31.05,-10.74
31.10,-15.21
31.15,-16.14
31.20,-18.76
31.25,-22.57
31.30,-23.49
31.35,-16.50
31.40,-16.03
31.45,-16.56
31.50,-17.31
31.55,-18.34
31.60,-9.43
31.65,-12.32
31.70,-15.36
31.75,-15.88
31.80,-17.91
31.85,-23.24
31.90,-17.83
31.95,-16.53
32.00,-18.27
32.05,-20.72
32.10,-20.15
32.15,-11.05
32.20,-10.88
32.25,-14.05
32.30,-16.00
32.35,-20.68
32.40,-21.75
32.45,-20.44
32.50,-17.69
32.55,-19.36
32.60,-21.02
32.65,-23.97
32.70,-20.29
32.75,-9.46
32.80,-14.14
32.85,-17.74
32.90,-21.63
32.95,-24.31
33.00,-23.78
33.05,-20.81
33.10,-21.84
33.15,-22.47
33.20,-26.67
33.25,-29.73
33.30,-9.34
33.35,-12.79
33.40,-14.90
33.45,-16.54
33.50,-17.91
33.55,-21.98
33.60,-18.42
33.65,-18.76
33.70,-22.04
33.75,-18.89
33.80,-19.28
33.85,-15.64
33.90,-10.10
33.95,-13.50
34.00,-17.97
34.05,-19.55
34.10,-21.91
34.15,-20.23
34.20,-17.79
34.25,-17.80
34.30,-18.39
34.35,-25.44
34.40,-28.88
34.45,-9.71
34.50,-12.32
34.55,-15.48
34.60,-15.51
34.65,-19.91
34.70,-22.12
34.75,-19.36
34.80,-18.16
34.85,-19.44
34.90,-21.43
34.95,-22.07
35.00,-12.75
35.05,-10.39
35.10,-14.83
35.15,-17.54
35.20,-20.39
35.25,-25.10
35.30,-21.61
35.35,-19.86
35.40,-20.96
35.45,-22.48
35.50,-25.68
35.55,-18.52
35.60,-9.28
35.65,-12.33
35.70,-13.90
35.75,-14.83
35.80,-17.86
35.85,-21.70
35.90,-18.98
35.95,-19.18
36.00,-20.75
36.05,-21.38
36.10,-26.13
36.15,-11.11
36.20,-13.17
36.25,-14.38
36.30,-15.30
36.35,-17.20
36.40,-19.32
36.45,-17.20
36.50,-14.91
36.55,-16.84
36.60,-17.31
36.65,-16.86
36.70,-17.28
36.75,-9.06
36.80,-13.93
36.85,-13.53
36.90,-16.15
36.95,-19.71
37.00,-21.44
37.05,-16.44
37.10,-15.26
37.15,-19.14
37.20,-19.83
37.25,-21.71
37.30,-11.28
37.35,-13.01
37.40,-14.39
37.45,-15.10
37.50,-20.26
37.55,-21.80
37.60,-20.18
37.65,-18.70
37.70,-19.94
37.75,-20.89
37.80,-22.05
37.85,-14.46
37.90,-9.28
37.95,-12.67
38.00,-12.77
38.05,-14.40
38.10,-17.64
38.15,-22.75
38.20,-17.61
38.25,-22.37
38.30,-17.89
38.35,-15.49
38.40,-15.38
38.45,-9.68
38.50,-12.96
38.55,-17.11
38.60,-17.82
38.65,-18.41
38.70,-18.12
38.75,-17.11
38.80,-17.83
38.85,-19.64
38.90,-23.32
38.95,-24.61
39.00,-12.76
39.05,-9.92
39.10,-13.31
39.15,-14.57
39.20,-16.25
39.25,-22.34
39.30,-21.15
39.35,-15.60
39.40,-16.94
39.45,-17.68
39.50,-20.04
39.55,-25.40
39.60,-10.39
39.65,-12.21
39.70,-16.28
39.75,-21.54
39.80,-23.82
39.85,-24.08
39.90,-18.57
39.95,-20.21
40.00,-20.42
40.05,-23.31
40.10,-25.44
40.15,-10.96
40.20,-12.10
40.25,-15.17
40.30,-15.81
40.35,-18.35
40.40,-20.33
40.45,-20.25
40.50,-17.76
40.55,-16.45
40.60,-16.81
40.65,-16.63
40.70,-17.95
40.75,-9.20
40.80,-11.97
40.85,-14.67
40.90,-16.96
40.95,-20.26
41.00,-21.53
41.05,-16.30
41.10,-18.26
41.15,-17.58
41.20,-16.90
41.25,-17.74
41.30,-9.55
41.35,-11.79
41.40,-14.31
41.45,-18.79
41.50,-20.90
41.55,-22.65
41.60,-19.70
41.65,-20.31
41.70,-24.33
41.75,-23.75
41.80,-24.74
41.85,-16.33
41.90,-9.64
41.95,-14.76
42.00,-18.88
42.05,-18.66
42.10,-24.60
42.15,-21.33
42.20,-19.53
42.25,-20.57
42.30,-23.12
42.35,-24.52
42.40,-25.65
42.45,-9.71
42.50,-10.86
42.55,-13.48
42.60,-12.15
42.65,-16.09
42.70,-21.66
42.75,-20.16
42.80,-13.44
42.85,-13.82
42.90,-14.13
42.95,-17.13
43.00,-13.46
43.05,-11.31
43.10,-13.48
43.15,-15.32
43.20,-17.48
43.25,-23.86
43.30,-16.52
43.35,-12.14
43.40,-14.88
43.45,-15.87
43.50,-19.62
43.55,-24.52
43.60,-9.21
43.65,-12.33
43.70,-13.51
43.75,-16.56
43.80,-16.11
43.85,-13.24
43.90,-12.79
43.95,-13.09
44.00,-14.17
44.05,-15.57
44.10,-20.94
44.15,-11.94
44.20,-10.35
44.25,-13.16
44.30,-13.35
44.35,-16.77
44.40,-17.21
44.45,-17.40
44.50,-14.17
44.55,-15.36
44.60,-15.40
44.65,-16.74
44.70,-20.96
44.75,-8.25
44.80,-11.25
44.85,-13.22
44.90,-13.32
44.95,-14.92
45.00,-16.49
45.05,-16.09
45.10,-12.24
45.15,-12.83
45.20,-12.63
45.25,-13.26
45.30,-9.22
45.35,-11.11
45.40,-10.73
45.45,-11.43
45.50,-14.90
45.55,-21.90
45.60,-15.02
45.65,-14.41
45.70,-15.97
45.75,-15.04
45.80,-14.52
45.85,-13.10
45.90,-9.45
45.95,-13.26
46.00,-13.99
46.05,-13.09
46.10,-17.16
46.15,-16.79
46.20,-14.95
46.25,-15.76
46.30,-16.65
46.35,-16.21
46.40,-21.15
46.45,-9.35
46.50,-11.27
46.55,-12.04
46.60,-11.96
46.65,-13.40
46.70,-14.63
46.75,-13.62
46.80,-13.21
46.85,-12.58
46.90,-12.18
46.95,-16.86
47.00,-13.27
47.05,-9.73
47.10,-11.26
47.15,-11.59
47.20,-12.23
47.25,-17.51
47.30,-16.87
47.35,-16.12
47.40,-14.10
47.45,-14.74
47.50,-14.49
47.55,-21.28
47.60,-9.48
47.65,-12.21
47.70,-12.51
47.75,-14.82
47.80,-16.26
47.85,-22.07
47.90,-14.79
47.95,-13.03
48.00,-13.79
48.05,-14.09
48.10,-21.38
48.15,-12.12
48.20,-11.93
48.25,-12.29
48.30,-12.33
48.35,-14.39
48.40,-15.44
48.45,-13.73
48.50,-12.79
48.55,-13.12
48.60,-14.54
48.65,-17.21
48.70,-20.52
48.75,-8.88
48.80,-12.02
48.85,-12.18
48.90,-12.23
48.95,-13.22
49.00,-15.36
49.05,-14.30
49.10,-14.03
49.15,-17.44
49.20,-13.93
49.25,-17.50
49.30,-10.49
49.35,-11.42
49.40,-12.61
49.45,-13.58
49.50,-13.49
49.55,-21.12
49.60,-14.95
49.65,-13.82
49.70,-14.73
49.75,-13.81
49.80,-14.14
49.85,-14.96
49.90,-9.38
49.95,-13.15
50.00,-12.16
50.05,-13.68
50.10,-18.39
50.15,-18.56
50.20,-14.32
50.25,-14.63
50.30,-14.10
50.35,-15.04
50.40,-17.06
50.45,-10.48
50.50,-11.47
50.55,-11.14
50.60,-12.61
50.65,-15.43
50.70,-20.51
50.75,-13.62
50.80,-12.68
50.85,-12.59
50.90,-13.84
50.95,-17.61
51.00,-12.82
51.05,-9.43
51.10,-11.72
51.15,-12.12
51.20,-13.97
51.25,-17.43
51.30,-17.82
51.35,-12.63
51.40,-12.95
51.45,-14.17
51.50,-15.56
51.55,-19.70
51.60,-9.12
51.65,-10.79
51.70,-12.82
51.75,-12.27
51.80,-14.59
51.85,-18.15
51.90,-15.07
51.95,-14.07
52.00,-13.35
52.05,-14.96
52.10,-18.63
52.15,-12.23
52.20,-12.24
52.25,-12.17
52.30,-14.35
52.35,-17.92
52.40,-22.86
52.45,-19.68
52.50,-14.00
52.55,-15.64
52.60,-18.16
52.65,-22.92
52.70,-21.56
52.75,-9.35
52.80,-11.86
52.85,-13.20
52.90,-14.51
52.95,-13.59
53.00,-12.71
53.05,-13.35
53.10,-13.02
53.15,-13.56
53.20,-15.93
53.25,-20.96
53.30,-11.25
53.35,-10.98
53.40,-13.44
53.45,-13.70
53.50,-14.43
53.55,-16.53
53.60,-15.13
53.65,-12.30
53.70,-12.93
53.75,-12.98
53.80,-17.49
53.85,-16.01
53.90,-10.26
53.95,-12.31
54.00,-13.38
54.05,-12.55
54.10,-13.70
54.15,-16.30
54.20,-14.95
54.25,-12.58
54.30,-12.70
54.35,-11.30
54.40,-15.36
54.45,-9.74
54.50,-11.43
54.55,-12.63
54.60,-13.32
54.65,-18.27
54.70,-21.80
54.75,-13.01
54.80,-11.72
54.85,-11.86
54.90,-11.73
54.95,-13.63
55.00,-11.68
55.05,-9.32
55.10,-13.07
55.15,-11.95
55.20,-13.27
55.25,-14.97
55.30,-14.33
55.35,-12.51
55.40,-13.16
55.45,-15.44
55.50,-16.06
55.55,-23.49
55.60,-8.73
55.65,-11.47
55.70,-10.73
55.75,-12.82
55.80,-14.52
55.85,-15.90
55.90,-14.09
55.95,-12.28
56.00,-13.81
56.05,-15.07
56.10,-18.38
56.15,-10.36
56.20,-9.90
56.25,-11.56
56.30,-11.59
56.35,-11.95
56.40,-16.74
56.45,-15.95
56.50,-14.14
56.55,-11.96
56.60,-14.38
56.65,-14.88
56.70,-20.01
56.75,-9.16
56.80,-11.46
56.85,-12.61
56.90,-12.61
56.95,-15.19
57.00,-21.01
57.05,-13.91
57.10,-14.45
57.15,-14.50
57.20,-17.71
57.25,-22.77
57.30,-10.24
57.35,-11.73
57.40,-13.91
57.45,-12.59
57.50,-14.08
57.55,-17.54
57.60,-14.50
57.65,-13.90
57.70,-14.92
57.75,-13.80
57.80,-17.73
57.85,-16.99
57.90,-9.57
57.95,-11.39
58.00,-11.54
58.05,-12.32
58.10,-14.40
58.15,-16.23
58.20,-15.85
58.25,-15.74
58.30,-15.96
58.35,-16.58
58.40,-21.21
58.45,-8.67
58.50,-12.74
58.55,-11.67
58.60,-13.00
58.65,-13.68
58.70,-16.35
58.75,-13.68
58.80,-12.35
58.85,-12.76
58.90,-13.47
58.95,-14.44
59.00,-10.45
59.05,-9.40
59.10,-12.41
59.15,-12.74
59.20,-14.38
59.25,-18.65
59.30,-13.45
59.35,-11.94
59.40,-12.64
59.45,-15.77
59.50,-16.97
59.55,-18.97
59.60,-8.25
59.65,-10.51
59.70,-12.35
59.75,-13.88
59.80,-12.92
59.85,-16.66
59.90,-11.21
59.95,-12.20
